map_simple_use,premise_age_bucketed,height_bucket,total_count,global_average_floorcount,updated
Mixed Use,1919-1944,2-3m,12,1.0,True
Mixed Use,1919-1944,3-4m,666,1.0,True
Mixed Use,1919-1944,4-5m,203,1.0,True
Mixed Use,1919-1944,5-6m,772,1.9870466321243525,False
Mixed Use,1919-1944,6-7m,1765,2.0,False
Mixed Use,1919-1944,7-8m,5501,2.0392655880748953,False
Mixed Use,1919-1944,8-9m,19830,2.073827534039334,False
Mixed Use,1919-1944,9-10m,30656,2.140625,False
Mixed Use,1919-1944,10-11m,15447,2.315854211173691,False
Mixed Use,1919-1944,11-12m,6467,2.911550950981908,False
Mixed Use,1919-1944,12-13m,6381,3.0405892493339604,False
Mixed Use,1919-1944,13-14m,5398,3.083178955168581,False
Mixed Use,1919-1944,14-15m,4034,3.164600892414477,False
Mixed Use,1919-1944,15-16m,2688,3.3061755952380953,False
Mixed Use,1919-1944,16-17m,1753,3.638904734740445,False
Mixed Use,1919-1944,17-18m,1013,4.047384007897334,False
Mixed Use,1919-1944,18-19m,781,4.099871959026888,False
Mixed Use,1919-1944,19-20m,443,4.169300225733634,False
Mixed Use,1919-1944,20-22m,486,4.3806584362139915,False
Mixed Use,1919-1944,22-24m,143,5.195804195804196,False
Mixed Use,1919-1944,24-26m,55,5.618181818181818,False
Mixed Use,1919-1944,26-28m,53,5.9245283018867925,False
Mixed Use,1919-1944,28-30m,27,6.37037037037037,False
Mixed Use,1919-1944,30-35m,34,7.382352941176471,False
Mixed Use,1919-1944,35-40m,26,8.23076923076923,False
Mixed Use,1919-1944,40-45m,87,10.206624168514411,True
Mixed Use,"1919-1944,1945-1959",5-6m,2087,1.9256124704355424,True
Mixed Use,"1919-1944,1945-1959",6-7m,4421,2.0,True
Mixed Use,"1919-1944,1945-1959",7-8m,13202,2.033442819089168,True
Mixed Use,"1919-1944,1945-1959",8-9m,41625,2.098780412768703,True
Mixed Use,"1919-1944,1945-1959",9-10m,34,2.0588235294117645,False
Mixed Use,"1919-1944,1945-1959",10-11m,26,2.076923076923077,False
Mixed Use,"1919-1944,1945-1959",11-12m,14403,2.93426980201052,True
Mixed Use,"1919-1944,1945-1959",12-13m,14202,3.185960732640488,True
Mixed Use,"1919-1944,1945-1959",13-14m,13094,3.217396930097545,True
Mixed Use,"1919-1944,1945-1959",14-15m,10615,3.2970475374225527,True
Mixed Use,"1919-1944,1945-1959",15-16m,7694,3.4488248945029185,True
Mixed Use,"1919-1944,1945-1959",16-17m,5321,3.5324594052666254,True
Mixed Use,"1919-1944,1945-1959",18-19m,2218,4.447590057199749,True
Mixed Use,"1919-1944,1945-1959",19-20m,1696,4.453166074949566,True
Mixed Use,"1919-1944,1945-1959",20-22m,2426,4.670990077391415,True
Mixed Use,"1919-1944,1945-1959",22-24m,729,5.287020562692196,True
Mixed Use,"1919-1944,1945-1959",26-28m,497,5.958430256476302,True
Mixed Use,"1919-1944,1945-1959,1980-1989",9-10m,57689,2.12602183900008,True
Mixed Use,"1919-1944,1945-1959,1990-1999",9-10m,57689,2.12602183900008,True
Mixed Use,"1919-1944,1945-1959,Pre 1919",7-8m,13202,2.033442819089168,True
Mixed Use,"1919-1944,1945-1959,Pre 1919",8-9m,41625,2.098780412768703,True
Mixed Use,"1919-1944,1945-1959,Pre 1919",9-10m,57689,2.12602183900008,True
Mixed Use,"1919-1944,1945-1959,Pre 1919",10-11m,29666,2.29514297877576,True
Mixed Use,"1919-1944,1945-1959,Pre 1919",12-13m,14202,3.185960732640488,True
Mixed Use,"1919-1944,1945-1959,Pre 1919",14-15m,10615,3.2970475374225527,True
Mixed Use,"1919-1944,1960-1979",5-6m,2087,1.9256124704355424,True
Mixed Use,"1919-1944,1960-1979",7-8m,13202,2.033442819089168,True
Mixed Use,"1919-1944,1960-1979",8-9m,41625,2.098780412768703,True
Mixed Use,"1919-1944,1960-1979",9-10m,57689,2.12602183900008,True
Mixed Use,"1919-1944,1960-1979",10-11m,29666,2.29514297877576,True
Mixed Use,"1919-1944,1960-1979",11-12m,14403,2.93426980201052,True
Mixed Use,"1919-1944,1960-1979",12-13m,14202,3.185960732640488,True
Mixed Use,"1919-1944,1960-1979",13-14m,13094,3.217396930097545,True
Mixed Use,"1919-1944,1960-1979",14-15m,10615,3.2970475374225527,True
Mixed Use,"1919-1944,1960-1979",16-17m,5321,3.5324594052666254,True
Mixed Use,"1919-1944,1960-1979",18-19m,2218,4.447590057199749,True
Mixed Use,"1919-1944,1960-1979",24-26m,430,6.161327749773762,True
Mixed Use,"1919-1944,1980-1989",7-8m,13202,2.033442819089168,True
Mixed Use,"1919-1944,1980-1989",8-9m,41625,2.098780412768703,True
Mixed Use,"1919-1944,1980-1989",9-10m,57689,2.12602183900008,True
Mixed Use,"1919-1944,1980-1989",10-11m,29666,2.29514297877576,True
Mixed Use,"1919-1944,1980-1989",11-12m,14403,2.93426980201052,True
Mixed Use,"1919-1944,1980-1989",13-14m,13094,3.217396930097545,True
Mixed Use,"1919-1944,1980-1989",14-15m,10615,3.2970475374225527,True
Mixed Use,"1919-1944,1980-1989",15-16m,7694,3.4488248945029185,True
Mixed Use,"1919-1944,1980-1989",16-17m,5321,3.5324594052666254,True
Mixed Use,"1919-1944,1980-1989",19-20m,1696,4.453166074949566,True
Mixed Use,"1919-1944,1980-1989",20-22m,2426,4.670990077391415,True
Mixed Use,"1919-1944,1980-1989",22-24m,729,5.287020562692196,True
Mixed Use,"1919-1944,1980-1989",28-30m,213,6.867757022012341,True
Mixed Use,"1919-1944,1980-1989,Pre 1919",11-12m,14403,2.93426980201052,True
Mixed Use,"1919-1944,1980-1989,Pre 1919",16-17m,5321,3.5324594052666254,True
Mixed Use,"1919-1944,1980-1989,Pre 1919",20-22m,2426,4.670990077391415,True
Mixed Use,"1919-1944,1980-1989,Pre 1919",26-28m,497,5.958430256476302,True
Mixed Use,"1919-1944,1990-1999",7-8m,13202,2.033442819089168,True
Mixed Use,"1919-1944,1990-1999",8-9m,41625,2.098780412768703,True
Mixed Use,"1919-1944,1990-1999",9-10m,57689,2.12602183900008,True
Mixed Use,"1919-1944,1990-1999",10-11m,29666,2.29514297877576,True
Mixed Use,"1919-1944,Post 1999",6-7m,4421,2.0,True
Mixed Use,"1919-1944,Post 1999",8-9m,41625,2.098780412768703,True
Mixed Use,"1919-1944,Post 1999",9-10m,57689,2.12602183900008,True
Mixed Use,"1919-1944,Post 1999",10-11m,29666,2.29514297877576,True
Mixed Use,"1919-1944,Pre 1919",5-6m,2087,1.9256124704355424,True
Mixed Use,"1919-1944,Pre 1919",6-7m,4421,2.0,True
Mixed Use,"1919-1944,Pre 1919",7-8m,13202,2.033442819089168,True
Mixed Use,"1919-1944,Pre 1919",8-9m,51,2.156862745098039,False
Mixed Use,"1919-1944,Pre 1919",9-10m,86,2.0232558139534884,False
Mixed Use,"1919-1944,Pre 1919",10-11m,55,2.2,False
Mixed Use,"1919-1944,Pre 1919",11-12m,14403,2.93426980201052,True
Mixed Use,"1919-1944,Pre 1919",12-13m,14202,3.185960732640488,True
Mixed Use,"1919-1944,Pre 1919",13-14m,13094,3.217396930097545,True
Mixed Use,"1919-1944,Pre 1919",14-15m,10615,3.2970475374225527,True
Mixed Use,"1919-1944,Pre 1919",15-16m,7694,3.4488248945029185,True
Mixed Use,"1919-1944,Pre 1919",16-17m,5321,3.5324594052666254,True
Mixed Use,"1919-1944,Pre 1919",17-18m,2679,4.3040379413597085,True
Mixed Use,"1919-1944,Pre 1919",18-19m,2218,4.447590057199749,True
Mixed Use,"1919-1944,Pre 1919",19-20m,1696,4.453166074949566,True
Mixed Use,"1919-1944,Pre 1919",20-22m,2426,4.670990077391415,True
Mixed Use,"1919-1944,Pre 1919",22-24m,729,5.287020562692196,True
Mixed Use,"1919-1944,Pre 1919",26-28m,497,5.958430256476302,True
Mixed Use,"1919-1944,Pre 1919",28-30m,213,6.867757022012341,True
Mixed Use,"1919-1944,Pre 1919",30-35m,301,7.937860100322319,True
Mixed Use,"1919-1944,Pre 1919",35-40m,129,8.347571775071774,True
Mixed Use,1945-1959,2-3m,12,1.0,True
Mixed Use,1945-1959,3-4m,87,1.0,False
Mixed Use,1945-1959,4-5m,50,1.0,False
Mixed Use,1945-1959,5-6m,291,1.8900343642611683,False
Mixed Use,1945-1959,6-7m,583,2.0,False
Mixed Use,1945-1959,7-8m,1353,2.082779009608278,False
Mixed Use,1945-1959,8-9m,3838,2.20088587806149,False
Mixed Use,1945-1959,9-10m,4527,2.3127899271040424,False
Mixed Use,1945-1959,10-11m,2536,2.6108044164037856,False
Mixed Use,1945-1959,11-12m,1593,2.97489014438167,False
Mixed Use,1945-1959,12-13m,1174,3.0562180579216354,False
Mixed Use,1945-1959,13-14m,892,3.133408071748879,False
Mixed Use,1945-1959,14-15m,675,3.140740740740741,False
Mixed Use,1945-1959,15-16m,327,3.293577981651376,False
Mixed Use,1945-1959,16-17m,173,3.520231213872832,False
Mixed Use,1945-1959,17-18m,144,4.270833333333333,False
Mixed Use,1945-1959,18-19m,91,4.406593406593407,False
Mixed Use,1945-1959,19-20m,101,4.673267326732673,False
Mixed Use,1945-1959,20-22m,142,4.788732394366197,False
Mixed Use,1945-1959,22-24m,61,5.60655737704918,False
Mixed Use,1945-1959,24-26m,43,6.255813953488372,False
Mixed Use,1945-1959,26-28m,41,6.146341463414634,False
Mixed Use,1945-1959,28-30m,40,7.625,False
Mixed Use,1945-1959,30-35m,36,7.472222222222222,False
Mixed Use,1945-1959,35-40m,129,8.347571775071774,True
Mixed Use,1945-1959,40-45m,87,10.206624168514411,True
Mixed Use,1945-1959,45-50m,30,11.813333333333333,True
Mixed Use,1945-1959,55-60m,8,16.6,True
Mixed Use,1945-1959,60-70m,8,14.6,True
Mixed Use,1945-1959,70-80m,4,22.666666666666664,True
Mixed Use,1945-1959,80-90m,6,25.0,True
Mixed Use,"1945-1959,1980-1989",3-4m,666,1.0,True
Mixed Use,"1945-1959,1980-1989",6-7m,4421,2.0,True
Mixed Use,"1945-1959,1980-1989",7-8m,13202,2.033442819089168,True
Mixed Use,"1945-1959,1980-1989",8-9m,41625,2.098780412768703,True
Mixed Use,"1945-1959,1980-1989",9-10m,57689,2.12602183900008,True
Mixed Use,"1945-1959,1980-1989",10-11m,29666,2.29514297877576,True
Mixed Use,"1945-1959,1980-1989",11-12m,14403,2.93426980201052,True
Mixed Use,"1945-1959,1980-1989",12-13m,14202,3.185960732640488,True
Mixed Use,"1945-1959,1980-1989",13-14m,13094,3.217396930097545,True
Mixed Use,"1945-1959,1980-1989",14-15m,10615,3.2970475374225527,True
Mixed Use,"1945-1959,1980-1989",15-16m,7694,3.4488248945029185,True
Mixed Use,"1945-1959,1980-1989",16-17m,5321,3.5324594052666254,True
Mixed Use,"1945-1959,1980-1989",17-18m,2679,4.3040379413597085,True
Mixed Use,"1945-1959,1980-1989",18-19m,2218,4.447590057199749,True
Mixed Use,"1945-1959,1980-1989",20-22m,2426,4.670990077391415,True
Mixed Use,"1945-1959,1980-1989",26-28m,497,5.958430256476302,True
Mixed Use,"1945-1959,1980-1989,Pre 1919",7-8m,13202,2.033442819089168,True
Mixed Use,"1945-1959,1980-1989,Pre 1919",9-10m,57689,2.12602183900008,True
Mixed Use,"1945-1959,1980-1989,Pre 1919",10-11m,29666,2.29514297877576,True
Mixed Use,"1945-1959,1980-1989,Pre 1919",12-13m,14202,3.185960732640488,True
Mixed Use,"1945-1959,1980-1989,Pre 1919",14-15m,10615,3.2970475374225527,True
Mixed Use,"1945-1959,1980-1989,Pre 1919",15-16m,7694,3.4488248945029185,True
Mixed Use,"1945-1959,1990-1999",7-8m,13202,2.033442819089168,True
Mixed Use,"1945-1959,1990-1999",8-9m,41625,2.098780412768703,True
Mixed Use,"1945-1959,1990-1999",9-10m,57689,2.12602183900008,True
Mixed Use,"1945-1959,1990-1999",10-11m,29666,2.29514297877576,True
Mixed Use,"1945-1959,1990-1999",11-12m,14403,2.93426980201052,True
Mixed Use,"1945-1959,1990-1999",13-14m,13094,3.217396930097545,True
Mixed Use,"1945-1959,1990-1999",17-18m,2679,4.3040379413597085,True
Mixed Use,"1945-1959,1990-1999,Pre 1919",9-10m,57689,2.12602183900008,True
Mixed Use,"1945-1959,1990-1999,Pre 1919",14-15m,10615,3.2970475374225527,True
Mixed Use,"1945-1959,Post 1999",7-8m,13202,2.033442819089168,True
Mixed Use,"1945-1959,Post 1999",9-10m,57689,2.12602183900008,True
Mixed Use,"1945-1959,Post 1999",10-11m,29666,2.29514297877576,True
Mixed Use,"1945-1959,Post 1999",11-12m,14403,2.93426980201052,True
Mixed Use,"1945-1959,Post 1999",12-13m,14202,3.185960732640488,True
Mixed Use,"1945-1959,Post 1999",14-15m,10615,3.2970475374225527,True
Mixed Use,"1945-1959,Post 1999",16-17m,5321,3.5324594052666254,True
Mixed Use,"1945-1959,Pre 1919",5-6m,2087,1.9256124704355424,True
Mixed Use,"1945-1959,Pre 1919",6-7m,4421,2.0,True
Mixed Use,"1945-1959,Pre 1919",7-8m,36,2.0,False
Mixed Use,"1945-1959,Pre 1919",8-9m,97,2.061855670103093,False
Mixed Use,"1945-1959,Pre 1919",9-10m,171,2.1228070175438596,False
Mixed Use,"1945-1959,Pre 1919",10-11m,96,2.1875,False
Mixed Use,"1945-1959,Pre 1919",11-12m,28,2.857142857142857,False
Mixed Use,"1945-1959,Pre 1919",12-13m,34,3.0588235294117645,False
Mixed Use,"1945-1959,Pre 1919",13-14m,46,3.0869565217391304,False
Mixed Use,"1945-1959,Pre 1919",14-15m,38,3.1315789473684212,False
Mixed Use,"1945-1959,Pre 1919",15-16m,51,3.0980392156862746,False
Mixed Use,"1945-1959,Pre 1919",16-17m,5321,3.5324594052666254,True
Mixed Use,"1945-1959,Pre 1919",17-18m,2679,4.3040379413597085,True
Mixed Use,"1945-1959,Pre 1919",18-19m,2218,4.447590057199749,True
Mixed Use,"1945-1959,Pre 1919",19-20m,1696,4.453166074949566,True
Mixed Use,"1945-1959,Pre 1919",20-22m,2426,4.670990077391415,True
Mixed Use,"1945-1959,Pre 1919",22-24m,729,5.287020562692196,True
Mixed Use,"1945-1959,Pre 1919",24-26m,430,6.161327749773762,True
Mixed Use,"1945-1959,Pre 1919",26-28m,497,5.958430256476302,True
Mixed Use,"1945-1959,Pre 1919",30-35m,301,7.937860100322319,True
Mixed Use,"1945-1959,Pre 1919",35-40m,129,8.347571775071774,True
Mixed Use,1960-1979,3-4m,666,1.0,True
Mixed Use,1960-1979,4-5m,203,1.0,True
Mixed Use,1960-1979,5-6m,87,1.839080459770115,False
Mixed Use,1960-1979,6-7m,322,2.0,False
Mixed Use,1960-1979,7-8m,663,2.0407239819004523,False
Mixed Use,1960-1979,8-9m,1793,2.1639709983268265,False
Mixed Use,1960-1979,9-10m,2173,2.287160607455131,False
Mixed Use,1960-1979,10-11m,846,2.631205673758865,False
Mixed Use,1960-1979,11-12m,411,2.9635036496350367,False
Mixed Use,1960-1979,12-13m,203,3.142857142857143,False
Mixed Use,1960-1979,13-14m,136,3.1029411764705883,False
Mixed Use,1960-1979,14-15m,174,3.2413793103448274,False
Mixed Use,1960-1979,15-16m,78,3.602564102564102,False
Mixed Use,1960-1979,16-17m,57,3.5789473684210527,False
Mixed Use,1960-1979,17-18m,31,4.290322580645161,False
Mixed Use,1960-1979,18-19m,2218,4.447590057199749,True
Mixed Use,1960-1979,19-20m,1696,4.453166074949566,True
Mixed Use,1960-1979,20-22m,2426,4.670990077391415,True
Mixed Use,1960-1979,22-24m,729,5.287020562692196,True
Mixed Use,1960-1979,24-26m,430,6.161327749773762,True
Mixed Use,1960-1979,26-28m,497,5.958430256476302,True
Mixed Use,1960-1979,28-30m,213,6.867757022012341,True
Mixed Use,1960-1979,30-35m,301,7.937860100322319,True
Mixed Use,1960-1979,35-40m,129,8.347571775071774,True
Mixed Use,1960-1979,40-45m,87,10.206624168514411,True
Mixed Use,1960-1979,45-50m,30,11.813333333333333,True
Mixed Use,1960-1979,50-55m,12,12.940000000000001,True
Mixed Use,1960-1979,60-70m,8,14.6,True
Mixed Use,1980-1989,3-4m,137,1.0,False
Mixed Use,1980-1989,4-5m,69,1.0,False
Mixed Use,1980-1989,5-6m,77,1.675324675324675,False
Mixed Use,1980-1989,6-7m,101,2.0,False
Mixed Use,1980-1989,7-8m,277,2.061371841155234,False
Mixed Use,1980-1989,8-9m,737,2.2225237449118045,False
Mixed Use,1980-1989,9-10m,848,2.320754716981132,False
Mixed Use,1980-1989,10-11m,473,2.602536997885835,False
Mixed Use,1980-1989,11-12m,312,3.1955128205128207,False
Mixed Use,1980-1989,12-13m,325,3.3630769230769233,False
Mixed Use,1980-1989,13-14m,281,3.4448398576512456,False
Mixed Use,1980-1989,14-15m,264,3.6515151515151514,False
Mixed Use,1980-1989,15-16m,254,3.84251968503937,False
Mixed Use,1980-1989,16-17m,190,3.963157894736842,False
Mixed Use,1980-1989,17-18m,140,4.642857142857143,False
Mixed Use,1980-1989,18-19m,129,4.627906976744186,False
Mixed Use,1980-1989,19-20m,93,4.860215053763441,False
Mixed Use,1980-1989,20-22m,192,4.994791666666667,False
Mixed Use,1980-1989,22-24m,104,5.8076923076923075,False
Mixed Use,1980-1989,24-26m,101,6.415841584158416,False
Mixed Use,1980-1989,26-28m,86,6.686046511627907,False
Mixed Use,1980-1989,28-30m,47,7.127659574468085,False
Mixed Use,1980-1989,30-35m,84,8.107142857142858,False
Mixed Use,1980-1989,35-40m,35,8.885714285714286,False
Mixed Use,1980-1989,40-45m,41,9.682926829268292,False
Mixed Use,1980-1989,45-50m,30,11.813333333333333,True
Mixed Use,1980-1989,50-55m,12,12.940000000000001,True
Mixed Use,1980-1989,55-60m,8,16.6,True
Mixed Use,1980-1989,70-80m,4,22.666666666666664,True
Mixed Use,1980-1989,80-90m,6,25.0,True
Mixed Use,1980-1989,100-200m,3,38.75,True
Mixed Use,"1980-1989,Pre 1919",6-7m,4421,2.0,True
Mixed Use,"1980-1989,Pre 1919",7-8m,13202,2.033442819089168,True
Mixed Use,"1980-1989,Pre 1919",8-9m,34,2.088235294117647,False
Mixed Use,"1980-1989,Pre 1919",9-10m,64,2.234375,False
Mixed Use,"1980-1989,Pre 1919",10-11m,39,2.3846153846153846,False
Mixed Use,"1980-1989,Pre 1919",11-12m,14403,2.93426980201052,True
Mixed Use,"1980-1989,Pre 1919",12-13m,14202,3.185960732640488,True
Mixed Use,"1980-1989,Pre 1919",13-14m,13094,3.217396930097545,True
Mixed Use,"1980-1989,Pre 1919",14-15m,10615,3.2970475374225527,True
Mixed Use,"1980-1989,Pre 1919",15-16m,7694,3.4488248945029185,True
Mixed Use,"1980-1989,Pre 1919",16-17m,5321,3.5324594052666254,True
Mixed Use,"1980-1989,Pre 1919",17-18m,2679,4.3040379413597085,True
Mixed Use,"1980-1989,Pre 1919",18-19m,2218,4.447590057199749,True
Mixed Use,"1980-1989,Pre 1919",19-20m,1696,4.453166074949566,True
Mixed Use,"1980-1989,Pre 1919",20-22m,2426,4.670990077391415,True
Mixed Use,"1980-1989,Pre 1919",22-24m,729,5.287020562692196,True
Mixed Use,"1980-1989,Pre 1919",24-26m,430,6.161327749773762,True
Mixed Use,"1980-1989,Pre 1919",26-28m,497,5.958430256476302,True
Mixed Use,"1980-1989,Pre 1919",30-35m,301,7.937860100322319,True
Mixed Use,"1980-1989,Pre 1919",35-40m,129,8.347571775071774,True
Mixed Use,1990-1999,3-4m,666,1.0,True
Mixed Use,1990-1999,4-5m,203,1.0,True
Mixed Use,1990-1999,5-6m,2087,1.9256124704355424,True
Mixed Use,1990-1999,6-7m,37,2.0,False
Mixed Use,1990-1999,7-8m,150,2.04,False
Mixed Use,1990-1999,8-9m,403,2.13151364764268,False
Mixed Use,1990-1999,9-10m,431,2.206496519721578,False
Mixed Use,1990-1999,10-11m,223,2.632286995515695,False
Mixed Use,1990-1999,11-12m,104,3.105769230769231,False
Mixed Use,1990-1999,12-13m,93,3.2580645161290325,False
Mixed Use,1990-1999,13-14m,72,3.5555555555555554,False
Mixed Use,1990-1999,14-15m,54,3.759259259259259,False
Mixed Use,1990-1999,15-16m,32,3.875,False
Mixed Use,1990-1999,16-17m,26,3.8846153846153846,False
Mixed Use,1990-1999,17-18m,2679,4.3040379413597085,True
Mixed Use,1990-1999,18-19m,2218,4.447590057199749,True
Mixed Use,1990-1999,19-20m,1696,4.453166074949566,True
Mixed Use,1990-1999,20-22m,2426,4.670990077391415,True
Mixed Use,1990-1999,22-24m,729,5.287020562692196,True
Mixed Use,1990-1999,24-26m,430,6.161327749773762,True
Mixed Use,1990-1999,26-28m,497,5.958430256476302,True
Mixed Use,1990-1999,28-30m,213,6.867757022012341,True
Mixed Use,1990-1999,30-35m,301,7.937860100322319,True
Mixed Use,1990-1999,35-40m,129,8.347571775071774,True
Mixed Use,1990-1999,50-55m,12,12.940000000000001,True
Mixed Use,1990-1999,60-70m,8,14.6,True
Mixed Use,"1990-1999,Pre 1919",6-7m,4421,2.0,True
Mixed Use,"1990-1999,Pre 1919",7-8m,13202,2.033442819089168,True
Mixed Use,"1990-1999,Pre 1919",8-9m,41625,2.098780412768703,True
Mixed Use,"1990-1999,Pre 1919",9-10m,57689,2.12602183900008,True
Mixed Use,"1990-1999,Pre 1919",10-11m,29666,2.29514297877576,True
Mixed Use,"1990-1999,Pre 1919",11-12m,14403,2.93426980201052,True
Mixed Use,"1990-1999,Pre 1919",12-13m,14202,3.185960732640488,True
Mixed Use,"1990-1999,Pre 1919",13-14m,13094,3.217396930097545,True
Mixed Use,"1990-1999,Pre 1919",16-17m,5321,3.5324594052666254,True
Mixed Use,"1990-1999,Pre 1919",18-19m,2218,4.447590057199749,True
Mixed Use,"1990-1999,Pre 1919",19-20m,1696,4.453166074949566,True
Mixed Use,"1990-1999,Pre 1919",28-30m,213,6.867757022012341,True
Mixed Use,Post 1999,3-4m,666,1.0,True
Mixed Use,Post 1999,4-5m,203,1.0,True
Mixed Use,Post 1999,5-6m,38,1.9473684210526316,False
Mixed Use,Post 1999,6-7m,58,2.0,False
Mixed Use,Post 1999,7-8m,269,2.1524163568773234,False
Mixed Use,Post 1999,8-9m,766,2.171018276762402,False
Mixed Use,Post 1999,9-10m,865,2.2485549132947975,False
Mixed Use,Post 1999,10-11m,383,2.637075718015666,False
Mixed Use,Post 1999,11-12m,217,3.2857142857142856,False
Mixed Use,Post 1999,12-13m,188,3.351063829787234,False
Mixed Use,Post 1999,13-14m,159,3.509433962264151,False
Mixed Use,Post 1999,14-15m,116,3.818965517241379,False
Mixed Use,Post 1999,15-16m,84,3.928571428571429,False
Mixed Use,Post 1999,16-17m,70,3.971428571428571,False
Mixed Use,Post 1999,17-18m,30,4.633333333333334,False
Mixed Use,Post 1999,18-19m,35,5.057142857142857,False
Mixed Use,Post 1999,19-20m,1696,4.453166074949566,True
Mixed Use,Post 1999,20-22m,43,5.488372093023256,False
Mixed Use,Post 1999,22-24m,729,5.287020562692196,True
Mixed Use,Post 1999,24-26m,430,6.161327749773762,True
Mixed Use,Post 1999,26-28m,497,5.958430256476302,True
Mixed Use,Post 1999,28-30m,213,6.867757022012341,True
Mixed Use,Post 1999,30-35m,301,7.937860100322319,True
Mixed Use,Post 1999,35-40m,129,8.347571775071774,True
Mixed Use,Post 1999,40-45m,87,10.206624168514411,True
Mixed Use,Post 1999,45-50m,30,11.813333333333333,True
Mixed Use,Post 1999,50-55m,12,12.940000000000001,True
Mixed Use,Post 1999,55-60m,8,16.6,True
Mixed Use,Post 1999,60-70m,8,14.6,True
Mixed Use,Post 1999,90-100m,1,26.0,True
Mixed Use,Post 1999,100-200m,3,38.75,True
Mixed Use,"Post 1999,Pre 1919",9-10m,57689,2.12602183900008,True
Mixed Use,"Post 1999,Pre 1919",11-12m,14403,2.93426980201052,True
Mixed Use,"Post 1999,Pre 1919",12-13m,14202,3.185960732640488,True
Mixed Use,"Post 1999,Pre 1919",13-14m,13094,3.217396930097545,True
Mixed Use,"Post 1999,Pre 1919",20-22m,2426,4.670990077391415,True
Mixed Use,Pre 1919,3-4m,56,1.0,False
Mixed Use,Pre 1919,4-5m,203,1.0,True
Mixed Use,Pre 1919,5-6m,524,1.9599236641221376,False
Mixed Use,Pre 1919,6-7m,964,2.0,False
Mixed Use,Pre 1919,7-8m,2642,2.064345193035579,False
Mixed Use,Pre 1919,8-9m,7364,2.106463878326996,False
Mixed Use,Pre 1919,9-10m,11589,2.1784450772284063,False
Mixed Use,Pre 1919,10-11m,7766,2.3431625032191605,False
Mixed Use,Pre 1919,11-12m,4200,2.943333333333334,False
Mixed Use,Pre 1919,12-13m,5082,3.085792994883904,False
Mixed Use,Pre 1919,13-14m,5647,3.1083761289180094,False
Mixed Use,Pre 1919,14-15m,4945,3.169464105156724,False
Mixed Use,Pre 1919,15-16m,3989,3.271496615693156,False
Mixed Use,Pre 1919,16-17m,2880,3.522222222222222,False
Mixed Use,Pre 1919,17-18m,1235,4.113360323886639,False
Mixed Use,Pre 1919,18-19m,1074,4.1694599627560525,False
Mixed Use,Pre 1919,19-20m,966,4.153209109730849,False
Mixed Use,Pre 1919,20-22m,1456,4.232142857142857,False
Mixed Use,Pre 1919,22-24m,355,4.853521126760564,False
Mixed Use,Pre 1919,24-26m,188,5.223404255319149,False
Mixed Use,Pre 1919,26-28m,266,5.2481203007518795,False
Mixed Use,Pre 1919,28-30m,74,6.297297297297297,False
Mixed Use,Pre 1919,30-35m,110,6.909090909090909,False
Mixed Use,Pre 1919,35-40m,37,7.567567567567568,False
Mixed Use,Pre 1919,40-45m,87,10.206624168514411,True
Mixed Use,Pre 1919,45-50m,30,11.813333333333333,True
Mixed Use,Pre 1919,50-55m,12,12.940000000000001,True
Mixed Use,"Pre 1919,Unknown date",8-9m,41625,2.098780412768703,True
Mixed Use,Unknown date,2-3m,12,1.0,True
Mixed Use,Unknown date,3-4m,315,1.0,False
Mixed Use,Unknown date,4-5m,41,1.0,False
Mixed Use,Unknown date,5-6m,275,1.88,False
Mixed Use,Unknown date,6-7m,549,2.0,False
Mixed Use,Unknown date,7-8m,2244,2.0944741532976825,False
Mixed Use,Unknown date,8-9m,6645,2.1172310007524455,False
Mixed Use,Unknown date,9-10m,6155,2.17497969130788,False
Mixed Use,Unknown date,10-11m,1728,2.7378472222222223,False
Mixed Use,Unknown date,11-12m,1002,3.373253493013972,False
Mixed Use,Unknown date,12-13m,660,3.484848484848485,False
Mixed Use,Unknown date,13-14m,391,4.0741687979539645,False
Mixed Use,Unknown date,14-15m,255,4.392156862745098,False
Mixed Use,Unknown date,15-16m,139,4.64748201438849,False
Mixed Use,Unknown date,16-17m,105,4.9523809523809526,False
Mixed Use,Unknown date,17-18m,53,5.037735849056604,False
Mixed Use,Unknown date,18-19m,49,5.73469387755102,False
Mixed Use,Unknown date,19-20m,1696,4.453166074949566,True
Mixed Use,Unknown date,20-22m,30,6.133333333333334,False
Mixed Use,Unknown date,22-24m,729,5.287020562692196,True
Mixed Use,Unknown date,24-26m,430,6.161327749773762,True
Mixed Use,Unknown date,26-28m,497,5.958430256476302,True
Mixed Use,Unknown date,28-30m,213,6.867757022012341,True
Mixed Use,Unknown date,30-35m,301,7.937860100322319,True
Mixed Use,Unknown date,55-60m,8,16.6,True
Non Residential,"1837-1869,Pre 1919",10-11m,34946,2.068040073370806,True
Non Residential,1919-1944,2-3m,93,1.0,False
Non Residential,1919-1944,3-4m,1665,1.0,False
Non Residential,1919-1944,4-5m,2096,1.0,False
Non Residential,1919-1944,5-6m,2687,1.3933755117231112,False
Non Residential,1919-1944,6-7m,2373,2.0,False
Non Residential,1919-1944,7-8m,4928,2.028409090909091,False
Non Residential,1919-1944,8-9m,13710,2.059299781181619,False
Non Residential,1919-1944,9-10m,18986,2.1247234804592856,False
Non Residential,1919-1944,10-11m,11202,2.227816461346188,False
Non Residential,1919-1944,11-12m,4277,2.866962824409633,False
Non Residential,1919-1944,12-13m,4114,3.09965969859018,False
Non Residential,1919-1944,13-14m,3522,3.1453719477569564,False
Non Residential,1919-1944,14-15m,3367,3.185922185922186,False
Non Residential,1919-1944,15-16m,2299,3.322749021313615,False
Non Residential,1919-1944,16-17m,1566,3.528097062579821,False
Non Residential,1919-1944,17-18m,691,4.138929088277858,False
Non Residential,1919-1944,18-19m,560,4.226785714285715,False
Non Residential,1919-1944,19-20m,397,4.287153652392947,False
Non Residential,1919-1944,20-22m,745,4.401342281879194,False
Non Residential,1919-1944,22-24m,237,5.037974683544304,False
Non Residential,1919-1944,24-26m,237,5.236286919831223,False
Non Residential,1919-1944,26-28m,165,5.472727272727273,False
Non Residential,1919-1944,28-30m,63,6.476190476190476,False
Non Residential,1919-1944,30-35m,75,6.8933333333333335,False
Non Residential,1919-1944,35-40m,39,8.076923076923077,False
Non Residential,1919-1944,40-45m,230,10.276417539575435,True
Non Residential,1919-1944,45-50m,141,11.424837712862923,True
Non Residential,1919-1944,55-60m,50,14.964930555555556,True
Non Residential,"1919-1944,1945-1959",3-4m,36,1.0,False
Non Residential,"1919-1944,1945-1959",4-5m,40,1.0,False
Non Residential,"1919-1944,1945-1959",5-6m,50,1.06,False
Non Residential,"1919-1944,1945-1959",6-7m,15277,2.0,True
Non Residential,"1919-1944,1945-1959",7-8m,28068,2.0190809423729146,True
Non Residential,"1919-1944,1945-1959",8-9m,29,2.0344827586206895,False
Non Residential,"1919-1944,1945-1959",9-10m,49,2.061224489795918,False
Non Residential,"1919-1944,1945-1959",10-11m,36,2.0,False
Non Residential,"1919-1944,1945-1959",11-12m,10841,2.7401352584672516,True
Non Residential,"1919-1944,1945-1959",12-13m,9497,3.2324256597479475,True
Non Residential,"1919-1944,1945-1959",13-14m,8279,3.2121459774421504,True
Non Residential,"1919-1944,1945-1959",14-15m,7879,3.2122490889352586,True
Non Residential,"1919-1944,1945-1959",15-16m,5692,3.4781696568318226,True
Non Residential,"1919-1944,1945-1959",16-17m,4463,3.618345699109148,True
Non Residential,"1919-1944,1945-1959",18-19m,1783,4.381432866810909,True
Non Residential,"1919-1944,1945-1959",19-20m,1535,4.4849268394058495,True
Non Residential,"1919-1944,1945-1959",20-22m,2680,4.582670232410256,True
Non Residential,"1919-1944,1945-1959",24-26m,1088,5.718144164152704,True
Non Residential,"1919-1944,1945-1959",26-28m,1073,6.217770942874456,True
Non Residential,"1919-1944,1945-1959",28-30m,537,6.750861425685106,True
Non Residential,"1919-1944,1945-1959",30-35m,868,7.197975593074885,True
Non Residential,"1919-1944,1945-1959",35-40m,489,8.070203438891053,True
Non Residential,"1919-1944,1945-1959,1980-1989",3-4m,40862,1.0,True
Non Residential,"1919-1944,1945-1959,1980-1989",4-5m,29680,1.0,True
Non Residential,"1919-1944,1945-1959,1980-1989",5-6m,28511,1.1324985380119432,True
Non Residential,"1919-1944,1945-1959,1980-1989",7-8m,28068,2.0190809423729146,True
Non Residential,"1919-1944,1945-1959,1980-1989",8-9m,56682,2.031451720758736,True
Non Residential,"1919-1944,1945-1959,1980-1989",9-10m,66566,2.0479571239015475,True
Non Residential,"1919-1944,1945-1959,1980-1989",10-11m,34946,2.068040073370806,True
Non Residential,"1919-1944,1945-1959,1990-1999,Pre 1919",8-9m,56682,2.031451720758736,True
Non Residential,"1919-1944,1945-1959,Post 1999",12-13m,9497,3.2324256597479475,True
Non Residential,"1919-1944,1945-1959,Pre 1919",5-6m,28511,1.1324985380119432,True
Non Residential,"1919-1944,1945-1959,Pre 1919",7-8m,28068,2.0190809423729146,True
Non Residential,"1919-1944,1945-1959,Pre 1919",8-9m,56682,2.031451720758736,True
Non Residential,"1919-1944,1945-1959,Pre 1919",9-10m,66566,2.0479571239015475,True
Non Residential,"1919-1944,1945-1959,Pre 1919",10-11m,34946,2.068040073370806,True
Non Residential,"1919-1944,1945-1959,Pre 1919",13-14m,8279,3.2121459774421504,True
Non Residential,"1919-1944,1945-1959,Pre 1919",14-15m,7879,3.2122490889352586,True
Non Residential,"1919-1944,1945-1959,Pre 1919",15-16m,5692,3.4781696568318226,True
Non Residential,"1919-1944,1945-1959,Pre 1919",18-19m,1783,4.381432866810909,True
Non Residential,"1919-1944,1960-1979",3-4m,40862,1.0,True
Non Residential,"1919-1944,1960-1979",4-5m,29680,1.0,True
Non Residential,"1919-1944,1960-1979",5-6m,28511,1.1324985380119432,True
Non Residential,"1919-1944,1960-1979",6-7m,15277,2.0,True
Non Residential,"1919-1944,1960-1979",7-8m,28068,2.0190809423729146,True
Non Residential,"1919-1944,1960-1979",8-9m,56682,2.031451720758736,True
Non Residential,"1919-1944,1960-1979",9-10m,47,2.127659574468085,False
Non Residential,"1919-1944,1960-1979",10-11m,34946,2.068040073370806,True
Non Residential,"1919-1944,1960-1979",11-12m,10841,2.7401352584672516,True
Non Residential,"1919-1944,1960-1979",12-13m,9497,3.2324256597479475,True
Non Residential,"1919-1944,1960-1979",13-14m,8279,3.2121459774421504,True
Non Residential,"1919-1944,1960-1979",14-15m,7879,3.2122490889352586,True
Non Residential,"1919-1944,1960-1979",15-16m,5692,3.4781696568318226,True
Non Residential,"1919-1944,1960-1979",20-22m,2680,4.582670232410256,True
Non Residential,"1919-1944,1980-1989",2-3m,7305,1.0,True
Non Residential,"1919-1944,1980-1989",3-4m,40862,1.0,True
Non Residential,"1919-1944,1980-1989",4-5m,29680,1.0,True
Non Residential,"1919-1944,1980-1989",5-6m,28511,1.1324985380119432,True
Non Residential,"1919-1944,1980-1989",6-7m,15277,2.0,True
Non Residential,"1919-1944,1980-1989",7-8m,28068,2.0190809423729146,True
Non Residential,"1919-1944,1980-1989",8-9m,56682,2.031451720758736,True
Non Residential,"1919-1944,1980-1989",9-10m,66566,2.0479571239015475,True
Non Residential,"1919-1944,1980-1989",10-11m,34946,2.068040073370806,True
Non Residential,"1919-1944,1980-1989",13-14m,8279,3.2121459774421504,True
Non Residential,"1919-1944,1980-1989",14-15m,7879,3.2122490889352586,True
Non Residential,"1919-1944,1980-1989",19-20m,1535,4.4849268394058495,True
Non Residential,"1919-1944,1980-1989",22-24m,1175,5.393924378269049,True
Non Residential,"1919-1944,1980-1989",26-28m,1073,6.217770942874456,True
Non Residential,"1919-1944,1980-1989",28-30m,537,6.750861425685106,True
Non Residential,"1919-1944,1980-1989",35-40m,489,8.070203438891053,True
Non Residential,"1919-1944,1980-1989,Pre 1919",4-5m,29680,1.0,True
Non Residential,"1919-1944,1980-1989,Pre 1919",8-9m,56682,2.031451720758736,True
Non Residential,"1919-1944,1980-1989,Pre 1919",9-10m,66566,2.0479571239015475,True
Non Residential,"1919-1944,1980-1989,Pre 1919",10-11m,34946,2.068040073370806,True
Non Residential,"1919-1944,1980-1989,Pre 1919",13-14m,8279,3.2121459774421504,True
Non Residential,"1919-1944,1980-1989,Pre 1919",15-16m,5692,3.4781696568318226,True
Non Residential,"1919-1944,1980-1989,Pre 1919",19-20m,1535,4.4849268394058495,True
Non Residential,"1919-1944,1990-1999",4-5m,29680,1.0,True
Non Residential,"1919-1944,1990-1999",5-6m,28511,1.1324985380119432,True
Non Residential,"1919-1944,1990-1999",8-9m,56682,2.031451720758736,True
Non Residential,"1919-1944,1990-1999",9-10m,66566,2.0479571239015475,True
Non Residential,"1919-1944,1990-1999",10-11m,34946,2.068040073370806,True
Non Residential,"1919-1944,1990-1999",11-12m,10841,2.7401352584672516,True
Non Residential,"1919-1944,1990-1999",14-15m,7879,3.2122490889352586,True
Non Residential,"1919-1944,1990-1999",15-16m,5692,3.4781696568318226,True
Non Residential,"1919-1944,Post 1999",4-5m,29680,1.0,True
Non Residential,"1919-1944,Post 1999",5-6m,28511,1.1324985380119432,True
Non Residential,"1919-1944,Post 1999",7-8m,28068,2.0190809423729146,True
Non Residential,"1919-1944,Post 1999",8-9m,56682,2.031451720758736,True
Non Residential,"1919-1944,Post 1999",9-10m,66566,2.0479571239015475,True
Non Residential,"1919-1944,Post 1999",10-11m,34946,2.068040073370806,True
Non Residential,"1919-1944,Post 1999",11-12m,10841,2.7401352584672516,True
Non Residential,"1919-1944,Post 1999",14-15m,7879,3.2122490889352586,True
Non Residential,"1919-1944,Post 1999",15-16m,5692,3.4781696568318226,True
Non Residential,"1919-1944,Pre 1919",3-4m,40862,1.0,True
Non Residential,"1919-1944,Pre 1919",4-5m,29680,1.0,True
Non Residential,"1919-1944,Pre 1919",5-6m,28511,1.1324985380119432,True
Non Residential,"1919-1944,Pre 1919",6-7m,15277,2.0,True
Non Residential,"1919-1944,Pre 1919",7-8m,28068,2.0190809423729146,True
Non Residential,"1919-1944,Pre 1919",8-9m,41,2.073170731707317,False
Non Residential,"1919-1944,Pre 1919",9-10m,100,2.09,False
Non Residential,"1919-1944,Pre 1919",10-11m,62,2.193548387096774,False
Non Residential,"1919-1944,Pre 1919",11-12m,10841,2.7401352584672516,True
Non Residential,"1919-1944,Pre 1919",12-13m,9497,3.2324256597479475,True
Non Residential,"1919-1944,Pre 1919",13-14m,8279,3.2121459774421504,True
Non Residential,"1919-1944,Pre 1919",14-15m,7879,3.2122490889352586,True
Non Residential,"1919-1944,Pre 1919",15-16m,5692,3.4781696568318226,True
Non Residential,"1919-1944,Pre 1919",16-17m,4463,3.618345699109148,True
Non Residential,"1919-1944,Pre 1919",17-18m,2277,4.318874283294526,True
Non Residential,"1919-1944,Pre 1919",18-19m,1783,4.381432866810909,True
Non Residential,"1919-1944,Pre 1919",20-22m,2680,4.582670232410256,True
Non Residential,"1919-1944,Pre 1919",22-24m,1175,5.393924378269049,True
Non Residential,"1919-1944,Pre 1919",24-26m,1088,5.718144164152704,True
Non Residential,"1919-1944,Pre 1919",26-28m,1073,6.217770942874456,True
Non Residential,"1919-1944,Pre 1919",35-40m,489,8.070203438891053,True
Non Residential,"1919-1944,Pre 1919,Unknown date",5-6m,28511,1.1324985380119432,True
Non Residential,"1919-1944,Unknown date",3-4m,40862,1.0,True
Non Residential,"1919-1944,Unknown date",4-5m,29680,1.0,True
Non Residential,"1919-1944,Unknown date",5-6m,28511,1.1324985380119432,True
Non Residential,"1919-1944,Unknown date",9-10m,66566,2.0479571239015475,True
Non Residential,1945-1959,2-3m,790,1.0,False
Non Residential,1945-1959,3-4m,12660,1.0,False
Non Residential,1945-1959,4-5m,11350,1.0,False
Non Residential,1945-1959,5-6m,8048,1.1821570576540756,False
Non Residential,1945-1959,6-7m,2225,2.0,False
Non Residential,1945-1959,7-8m,4020,2.014179104477612,False
Non Residential,1945-1959,8-9m,7412,2.0313005936319484,False
Non Residential,1945-1959,9-10m,6168,2.089980544747082,False
Non Residential,1945-1959,10-11m,2146,2.1980428704566637,False
Non Residential,1945-1959,11-12m,545,2.8256880733944953,False
Non Residential,1945-1959,12-13m,443,3.198645598194131,False
Non Residential,1945-1959,13-14m,408,3.2426470588235294,False
Non Residential,1945-1959,14-15m,412,3.308252427184466,False
Non Residential,1945-1959,15-16m,259,3.4787644787644787,False
Non Residential,1945-1959,16-17m,206,3.6310679611650487,False
Non Residential,1945-1959,17-18m,141,4.326241134751773,False
Non Residential,1945-1959,18-19m,100,4.51,False
Non Residential,1945-1959,19-20m,98,4.561224489795919,False
Non Residential,1945-1959,20-22m,134,4.7611940298507465,False
Non Residential,1945-1959,22-24m,110,5.5636363636363635,False
Non Residential,1945-1959,24-26m,60,6.033333333333333,False
Non Residential,1945-1959,26-28m,93,6.193548387096774,False
Non Residential,1945-1959,28-30m,36,7.138888888888889,False
Non Residential,1945-1959,30-35m,125,7.4,False
Non Residential,1945-1959,35-40m,60,9.1,False
Non Residential,1945-1959,40-45m,230,10.276417539575435,True
Non Residential,1945-1959,45-50m,141,11.424837712862923,True
Non Residential,1945-1959,50-55m,64,12.96062477622628,True
Non Residential,1945-1959,55-60m,50,14.964930555555556,True
Non Residential,1945-1959,60-70m,55,17.535149572649573,True
Non Residential,1945-1959,80-90m,29,23.495555555555555,True
Non Residential,1945-1959,90-100m,17,28.95,True
Non Residential,1945-1959,100-200m,18,35.84722222222222,True
Non Residential,"1945-1959,1960-1979",3-4m,40862,1.0,True
Non Residential,"1945-1959,1960-1979",4-5m,29680,1.0,True
Non Residential,"1945-1959,1960-1979",5-6m,28511,1.1324985380119432,True
Non Residential,"1945-1959,1980-1989",2-3m,7305,1.0,True
Non Residential,"1945-1959,1980-1989",3-4m,90,1.0,False
Non Residential,"1945-1959,1980-1989",4-5m,138,1.0,False
Non Residential,"1945-1959,1980-1989",5-6m,148,1.027027027027027,False
Non Residential,"1945-1959,1980-1989",6-7m,15277,2.0,True
Non Residential,"1945-1959,1980-1989",7-8m,29,2.0,False
Non Residential,"1945-1959,1980-1989",8-9m,54,2.0185185185185186,False
Non Residential,"1945-1959,1980-1989",9-10m,104,2.0288461538461537,False
Non Residential,"1945-1959,1980-1989",10-11m,50,2.02,False
Non Residential,"1945-1959,1980-1989",11-12m,10841,2.7401352584672516,True
Non Residential,"1945-1959,1980-1989",12-13m,9497,3.2324256597479475,True
Non Residential,"1945-1959,1980-1989",13-14m,8279,3.2121459774421504,True
Non Residential,"1945-1959,1980-1989",14-15m,7879,3.2122490889352586,True
Non Residential,"1945-1959,1980-1989",15-16m,5692,3.4781696568318226,True
Non Residential,"1945-1959,1980-1989",16-17m,4463,3.618345699109148,True
Non Residential,"1945-1959,1980-1989",17-18m,2277,4.318874283294526,True
Non Residential,"1945-1959,1980-1989",18-19m,1783,4.381432866810909,True
Non Residential,"1945-1959,1980-1989",20-22m,2680,4.582670232410256,True
Non Residential,"1945-1959,1980-1989",22-24m,1175,5.393924378269049,True
Non Residential,"1945-1959,1980-1989",24-26m,1088,5.718144164152704,True
Non Residential,"1945-1959,1980-1989",26-28m,1073,6.217770942874456,True
Non Residential,"1945-1959,1980-1989",28-30m,537,6.750861425685106,True
Non Residential,"1945-1959,1980-1989",30-35m,868,7.197975593074885,True
Non Residential,"1945-1959,1980-1989",35-40m,489,8.070203438891053,True
Non Residential,"1945-1959,1980-1989",60-70m,55,17.535149572649573,True
Non Residential,"1945-1959,1980-1989,Pre 1919",2-3m,7305,1.0,True
Non Residential,"1945-1959,1980-1989,Pre 1919",5-6m,28511,1.1324985380119432,True
Non Residential,"1945-1959,1980-1989,Pre 1919",6-7m,15277,2.0,True
Non Residential,"1945-1959,1980-1989,Pre 1919",7-8m,28068,2.0190809423729146,True
Non Residential,"1945-1959,1980-1989,Pre 1919",8-9m,56682,2.031451720758736,True
Non Residential,"1945-1959,1980-1989,Pre 1919",9-10m,66566,2.0479571239015475,True
Non Residential,"1945-1959,1980-1989,Pre 1919",10-11m,34946,2.068040073370806,True
Non Residential,"1945-1959,1980-1989,Pre 1919",12-13m,9497,3.2324256597479475,True
Non Residential,"1945-1959,1980-1989,Pre 1919",13-14m,8279,3.2121459774421504,True
Non Residential,"1945-1959,1980-1989,Pre 1919",17-18m,2277,4.318874283294526,True
Non Residential,"1945-1959,1980-1989,Pre 1919",30-35m,868,7.197975593074885,True
Non Residential,"1945-1959,1980-1989,Unknown date",3-4m,40862,1.0,True
Non Residential,"1945-1959,1980-1989,Unknown date",5-6m,28511,1.1324985380119432,True
Non Residential,"1945-1959,1990-1999",3-4m,40862,1.0,True
Non Residential,"1945-1959,1990-1999",4-5m,29680,1.0,True
Non Residential,"1945-1959,1990-1999",5-6m,28511,1.1324985380119432,True
Non Residential,"1945-1959,1990-1999",6-7m,15277,2.0,True
Non Residential,"1945-1959,1990-1999",7-8m,28068,2.0190809423729146,True
Non Residential,"1945-1959,1990-1999",8-9m,56682,2.031451720758736,True
Non Residential,"1945-1959,1990-1999",9-10m,66566,2.0479571239015475,True
Non Residential,"1945-1959,1990-1999",10-11m,34946,2.068040073370806,True
Non Residential,"1945-1959,1990-1999",11-12m,10841,2.7401352584672516,True
Non Residential,"1945-1959,1990-1999",13-14m,8279,3.2121459774421504,True
Non Residential,"1945-1959,1990-1999",15-16m,5692,3.4781696568318226,True
Non Residential,"1945-1959,1990-1999,Pre 1919",4-5m,29680,1.0,True
Non Residential,"1945-1959,1990-1999,Pre 1919",8-9m,56682,2.031451720758736,True
Non Residential,"1945-1959,Post 1999",3-4m,40862,1.0,True
Non Residential,"1945-1959,Post 1999",4-5m,29680,1.0,True
Non Residential,"1945-1959,Post 1999",5-6m,28511,1.1324985380119432,True
Non Residential,"1945-1959,Post 1999",6-7m,15277,2.0,True
Non Residential,"1945-1959,Post 1999",7-8m,28068,2.0190809423729146,True
Non Residential,"1945-1959,Post 1999",8-9m,56682,2.031451720758736,True
Non Residential,"1945-1959,Post 1999",9-10m,66566,2.0479571239015475,True
Non Residential,"1945-1959,Post 1999",10-11m,34946,2.068040073370806,True
Non Residential,"1945-1959,Post 1999",11-12m,10841,2.7401352584672516,True
Non Residential,"1945-1959,Post 1999",12-13m,9497,3.2324256597479475,True
Non Residential,"1945-1959,Post 1999",13-14m,8279,3.2121459774421504,True
Non Residential,"1945-1959,Post 1999",14-15m,7879,3.2122490889352586,True
Non Residential,"1945-1959,Post 1999",17-18m,2277,4.318874283294526,True
Non Residential,"1945-1959,Post 1999",20-22m,2680,4.582670232410256,True
Non Residential,"1945-1959,Post 1999",24-26m,1088,5.718144164152704,True
Non Residential,"1945-1959,Post 1999",26-28m,1073,6.217770942874456,True
Non Residential,"1945-1959,Post 1999,Unknown date",5-6m,28511,1.1324985380119432,True
Non Residential,"1945-1959,Pre 1919",3-4m,26,1.0,False
Non Residential,"1945-1959,Pre 1919",4-5m,47,1.0,False
Non Residential,"1945-1959,Pre 1919",5-6m,50,1.12,False
Non Residential,"1945-1959,Pre 1919",6-7m,30,2.0,False
Non Residential,"1945-1959,Pre 1919",7-8m,44,2.0,False
Non Residential,"1945-1959,Pre 1919",8-9m,118,2.059322033898305,False
Non Residential,"1945-1959,Pre 1919",9-10m,302,2.0860927152317883,False
Non Residential,"1945-1959,Pre 1919",10-11m,157,2.1146496815286624,False
Non Residential,"1945-1959,Pre 1919",11-12m,52,2.6923076923076925,False
Non Residential,"1945-1959,Pre 1919",12-13m,36,3.0277777777777777,False
Non Residential,"1945-1959,Pre 1919",13-14m,51,3.07843137254902,False
Non Residential,"1945-1959,Pre 1919",14-15m,46,3.108695652173913,False
Non Residential,"1945-1959,Pre 1919",15-16m,33,3.1818181818181817,False
Non Residential,"1945-1959,Pre 1919",16-17m,4463,3.618345699109148,True
Non Residential,"1945-1959,Pre 1919",17-18m,2277,4.318874283294526,True
Non Residential,"1945-1959,Pre 1919",18-19m,1783,4.381432866810909,True
Non Residential,"1945-1959,Pre 1919",19-20m,1535,4.4849268394058495,True
Non Residential,"1945-1959,Pre 1919",20-22m,2680,4.582670232410256,True
Non Residential,"1945-1959,Pre 1919",22-24m,1175,5.393924378269049,True
Non Residential,"1945-1959,Pre 1919",24-26m,1088,5.718144164152704,True
Non Residential,"1945-1959,Pre 1919",26-28m,1073,6.217770942874456,True
Non Residential,"1945-1959,Pre 1919",30-35m,868,7.197975593074885,True
Non Residential,"1945-1959,Pre 1919",35-40m,489,8.070203438891053,True
Non Residential,"1945-1959,Pre 1919,Unknown date",5-6m,28511,1.1324985380119432,True
Non Residential,"1945-1959,Unknown date",3-4m,36,1.0,False
Non Residential,"1945-1959,Unknown date",4-5m,39,1.0,False
Non Residential,"1945-1959,Unknown date",5-6m,26,1.0,False
Non Residential,"1945-1959,Unknown date",7-8m,28068,2.0190809423729146,True
Non Residential,"1945-1959,Unknown date",9-10m,66566,2.0479571239015475,True
Non Residential,"1945-1959,Unknown date",10-11m,34946,2.068040073370806,True
Non Residential,1960-1979,2-3m,65,1.0,False
Non Residential,1960-1979,3-4m,2213,1.0,False
Non Residential,1960-1979,4-5m,3167,1.0,False
Non Residential,1960-1979,5-6m,3638,1.3163826278174822,False
Non Residential,1960-1979,6-7m,2505,2.0,False
Non Residential,1960-1979,7-8m,4002,2.0059970014992503,False
Non Residential,1960-1979,8-9m,5253,2.0266514372739386,False
Non Residential,1960-1979,9-10m,4566,2.094393342093736,False
Non Residential,1960-1979,10-11m,1684,2.2084323040380047,False
Non Residential,1960-1979,11-12m,502,2.894422310756972,False
Non Residential,1960-1979,12-13m,372,3.252688172043011,False
Non Residential,1960-1979,13-14m,332,3.4006024096385543,False
Non Residential,1960-1979,14-15m,311,3.405144694533762,False
Non Residential,1960-1979,15-16m,255,3.4941176470588236,False
Non Residential,1960-1979,16-17m,192,3.6510416666666665,False
Non Residential,1960-1979,17-18m,91,4.56043956043956,False
Non Residential,1960-1979,18-19m,110,4.654545454545454,False
Non Residential,1960-1979,19-20m,107,4.5607476635514015,False
Non Residential,1960-1979,20-22m,160,4.88125,False
Non Residential,1960-1979,22-24m,105,5.485714285714286,False
Non Residential,1960-1979,24-26m,113,5.95575221238938,False
Non Residential,1960-1979,26-28m,84,6.345238095238095,False
Non Residential,1960-1979,28-30m,66,7.075757575757576,False
Non Residential,1960-1979,30-35m,108,7.944444444444445,False
Non Residential,1960-1979,35-40m,61,9.327868852459016,False
Non Residential,1960-1979,40-45m,230,10.276417539575435,True
Non Residential,1960-1979,45-50m,27,12.074074074074074,False
Non Residential,1960-1979,50-55m,64,12.96062477622628,True
Non Residential,1960-1979,55-60m,50,14.964930555555556,True
Non Residential,1960-1979,60-70m,55,17.535149572649573,True
Non Residential,1960-1979,70-80m,41,18.4265873015873,True
Non Residential,1960-1979,80-90m,29,23.495555555555555,True
Non Residential,1960-1979,90-100m,17,28.95,True
Non Residential,1960-1979,100-200m,18,35.84722222222222,True
Non Residential,"1960-1979,1980-1989",8-9m,56682,2.031451720758736,True
Non Residential,"1960-1979,1980-1989",10-11m,34946,2.068040073370806,True
Non Residential,"1960-1979,Pre 1919",12-13m,9497,3.2324256597479475,True
Non Residential,"1960-1979,Unknown date",3-4m,40862,1.0,True
Non Residential,"1960-1979,Unknown date",4-5m,29680,1.0,True
Non Residential,"1960-1979,Unknown date",5-6m,28511,1.1324985380119432,True
Non Residential,"1960-1979,Unknown date",8-9m,56682,2.031451720758736,True
Non Residential,"1960-1979,Unknown date",9-10m,66566,2.0479571239015475,True
Non Residential,"1960-1979,Unknown date",14-15m,7879,3.2122490889352586,True
Non Residential,"1960-1979,Unknown date",16-17m,4463,3.618345699109148,True
Non Residential,1980-1989,2-3m,499,1.0,False
Non Residential,1980-1989,3-4m,7204,1.0,False
Non Residential,1980-1989,4-5m,6663,1.0,False
Non Residential,1980-1989,5-6m,5006,1.1737914502596885,False
Non Residential,1980-1989,6-7m,1706,2.0,False
Non Residential,1980-1989,7-8m,3200,2.021875,False
Non Residential,1980-1989,8-9m,6005,2.06044962531224,False
Non Residential,1980-1989,9-10m,7415,2.108968307484828,False
Non Residential,1980-1989,10-11m,3922,2.206272310045895,False
Non Residential,1980-1989,11-12m,1371,2.949671772428884,False
Non Residential,1980-1989,12-13m,978,3.2494887525562373,False
Non Residential,1980-1989,13-14m,874,3.3443935926773456,False
Non Residential,1980-1989,14-15m,827,3.412333736396614,False
Non Residential,1980-1989,15-16m,669,3.423019431988042,False
Non Residential,1980-1989,16-17m,640,3.6296875,False
Non Residential,1980-1989,17-18m,370,4.424324324324324,False
Non Residential,1980-1989,18-19m,251,4.54183266932271,False
Non Residential,1980-1989,19-20m,244,4.627049180327869,False
Non Residential,1980-1989,20-22m,405,4.7407407407407405,False
Non Residential,1980-1989,22-24m,183,5.387978142076503,False
Non Residential,1980-1989,24-26m,176,5.801136363636363,False
Non Residential,1980-1989,26-28m,152,6.1644736842105265,False
Non Residential,1980-1989,28-30m,131,6.557251908396947,False
Non Residential,1980-1989,30-35m,201,7.36318407960199,False
Non Residential,1980-1989,35-40m,145,8.50344827586207,False
Non Residential,1980-1989,40-45m,76,9.842105263157896,False
Non Residential,1980-1989,45-50m,42,11.357142857142858,False
Non Residential,1980-1989,50-55m,64,12.96062477622628,True
Non Residential,1980-1989,55-60m,50,14.964930555555556,True
Non Residential,1980-1989,60-70m,55,17.535149572649573,True
Non Residential,1980-1989,70-80m,41,18.4265873015873,True
Non Residential,1980-1989,80-90m,29,23.495555555555555,True
Non Residential,1980-1989,90-100m,17,28.95,True
Non Residential,1980-1989,100-200m,18,35.84722222222222,True
Non Residential,"1980-1989,1990-1999",10-11m,34946,2.068040073370806,True
Non Residential,"1980-1989,Post 1999",20-22m,2680,4.582670232410256,True
Non Residential,"1980-1989,Pre 1919",3-4m,40862,1.0,True
Non Residential,"1980-1989,Pre 1919",4-5m,29680,1.0,True
Non Residential,"1980-1989,Pre 1919",5-6m,28511,1.1324985380119432,True
Non Residential,"1980-1989,Pre 1919",6-7m,15277,2.0,True
Non Residential,"1980-1989,Pre 1919",7-8m,28068,2.0190809423729146,True
Non Residential,"1980-1989,Pre 1919",8-9m,75,2.1066666666666665,False
Non Residential,"1980-1989,Pre 1919",9-10m,152,2.0789473684210527,False
Non Residential,"1980-1989,Pre 1919",10-11m,135,2.155555555555555,False
Non Residential,"1980-1989,Pre 1919",11-12m,33,2.727272727272727,False
Non Residential,"1980-1989,Pre 1919",12-13m,32,3.15625,False
Non Residential,"1980-1989,Pre 1919",13-14m,45,3.066666666666667,False
Non Residential,"1980-1989,Pre 1919",14-15m,36,3.2222222222222223,False
Non Residential,"1980-1989,Pre 1919",15-16m,5692,3.4781696568318226,True
Non Residential,"1980-1989,Pre 1919",16-17m,4463,3.618345699109148,True
Non Residential,"1980-1989,Pre 1919",17-18m,2277,4.318874283294526,True
Non Residential,"1980-1989,Pre 1919",18-19m,1783,4.381432866810909,True
Non Residential,"1980-1989,Pre 1919",19-20m,1535,4.4849268394058495,True
Non Residential,"1980-1989,Pre 1919",20-22m,2680,4.582670232410256,True
Non Residential,"1980-1989,Pre 1919",22-24m,1175,5.393924378269049,True
Non Residential,"1980-1989,Pre 1919",24-26m,1088,5.718144164152704,True
Non Residential,"1980-1989,Pre 1919",26-28m,1073,6.217770942874456,True
Non Residential,"1980-1989,Pre 1919",28-30m,537,6.750861425685106,True
Non Residential,"1980-1989,Pre 1919",30-35m,868,7.197975593074885,True
Non Residential,"1980-1989,Pre 1919",35-40m,489,8.070203438891053,True
Non Residential,"1980-1989,Pre 1919",40-45m,230,10.276417539575435,True
Non Residential,"1980-1989,Unknown date",2-3m,7305,1.0,True
Non Residential,"1980-1989,Unknown date",3-4m,40862,1.0,True
Non Residential,"1980-1989,Unknown date",4-5m,29680,1.0,True
Non Residential,"1980-1989,Unknown date",5-6m,28511,1.1324985380119432,True
Non Residential,"1980-1989,Unknown date",6-7m,15277,2.0,True
Non Residential,"1980-1989,Unknown date",8-9m,56682,2.031451720758736,True
Non Residential,"1980-1989,Unknown date",9-10m,66566,2.0479571239015475,True
Non Residential,"1980-1989,Unknown date",10-11m,34946,2.068040073370806,True
Non Residential,"1980-1989,Unknown date",17-18m,2277,4.318874283294526,True
Non Residential,"1980-1989,Unknown date",18-19m,1783,4.381432866810909,True
Non Residential,"1980-1989,Unknown date",20-22m,2680,4.582670232410256,True
Non Residential,1990-1999,2-3m,7305,1.0,True
Non Residential,1990-1999,3-4m,354,1.0,False
Non Residential,1990-1999,4-5m,678,1.0,False
Non Residential,1990-1999,5-6m,865,1.2890173410404624,False
Non Residential,1990-1999,6-7m,485,2.0,False
Non Residential,1990-1999,7-8m,1504,2.012632978723404,False
Non Residential,1990-1999,8-9m,2424,2.040016501650165,False
Non Residential,1990-1999,9-10m,2822,2.089652728561304,False
Non Residential,1990-1999,10-11m,1243,2.2196299275945295,False
Non Residential,1990-1999,11-12m,368,2.8206521739130435,False
Non Residential,1990-1999,12-13m,327,3.3394495412844036,False
Non Residential,1990-1999,13-14m,227,3.317180616740088,False
Non Residential,1990-1999,14-15m,231,3.3203463203463204,False
Non Residential,1990-1999,15-16m,213,3.4131455399061035,False
Non Residential,1990-1999,16-17m,179,3.5195530726256985,False
Non Residential,1990-1999,17-18m,88,4.204545454545454,False
Non Residential,1990-1999,18-19m,76,4.328947368421052,False
Non Residential,1990-1999,19-20m,51,4.627450980392157,False
Non Residential,1990-1999,20-22m,92,4.815217391304348,False
Non Residential,1990-1999,22-24m,54,5.685185185185185,False
Non Residential,1990-1999,24-26m,46,5.782608695652174,False
Non Residential,1990-1999,26-28m,43,6.465116279069767,False
Non Residential,1990-1999,28-30m,537,6.750861425685106,True
Non Residential,1990-1999,30-35m,59,7.067796610169491,False
Non Residential,1990-1999,35-40m,489,8.070203438891053,True
Non Residential,1990-1999,40-45m,230,10.276417539575435,True
Non Residential,1990-1999,45-50m,141,11.424837712862923,True
Non Residential,1990-1999,50-55m,64,12.96062477622628,True
Non Residential,1990-1999,55-60m,50,14.964930555555556,True
Non Residential,1990-1999,60-70m,55,17.535149572649573,True
Non Residential,1990-1999,70-80m,41,18.4265873015873,True
Non Residential,1990-1999,100-200m,18,35.84722222222222,True
Non Residential,"1990-1999,Post 1999,Pre 1919",9-10m,66566,2.0479571239015475,True
Non Residential,"1990-1999,Pre 1919",3-4m,40862,1.0,True
Non Residential,"1990-1999,Pre 1919",4-5m,29680,1.0,True
Non Residential,"1990-1999,Pre 1919",5-6m,28511,1.1324985380119432,True
Non Residential,"1990-1999,Pre 1919",7-8m,28068,2.0190809423729146,True
Non Residential,"1990-1999,Pre 1919",8-9m,56682,2.031451720758736,True
Non Residential,"1990-1999,Pre 1919",9-10m,66566,2.0479571239015475,True
Non Residential,"1990-1999,Pre 1919",10-11m,34946,2.068040073370806,True
Non Residential,"1990-1999,Pre 1919",11-12m,10841,2.7401352584672516,True
Non Residential,"1990-1999,Pre 1919",12-13m,9497,3.2324256597479475,True
Non Residential,"1990-1999,Pre 1919",13-14m,8279,3.2121459774421504,True
Non Residential,"1990-1999,Pre 1919",14-15m,7879,3.2122490889352586,True
Non Residential,"1990-1999,Pre 1919",15-16m,5692,3.4781696568318226,True
Non Residential,"1990-1999,Pre 1919",19-20m,1535,4.4849268394058495,True
Non Residential,"1990-1999,Pre 1919",20-22m,2680,4.582670232410256,True
Non Residential,Post 1999,2-3m,237,1.0,False
Non Residential,Post 1999,3-4m,1078,1.0,False
Non Residential,Post 1999,4-5m,1310,1.0,False
Non Residential,Post 1999,5-6m,2064,1.439437984496124,False
Non Residential,Post 1999,6-7m,1446,2.0,False
Non Residential,Post 1999,7-8m,3192,2.0156641604010024,False
Non Residential,Post 1999,8-9m,5547,2.0378583017847487,False
Non Residential,Post 1999,9-10m,6202,2.0619155111254432,False
Non Residential,Post 1999,10-11m,3062,2.116917047681254,False
Non Residential,Post 1999,11-12m,791,2.9329962073324904,False
Non Residential,Post 1999,12-13m,641,3.419656786271451,False
Non Residential,Post 1999,13-14m,539,3.523191094619666,False
Non Residential,Post 1999,14-15m,542,3.4981549815498156,False
Non Residential,Post 1999,15-16m,461,3.7288503253796095,False
Non Residential,Post 1999,16-17m,389,3.7840616966580978,False
Non Residential,Post 1999,17-18m,181,4.624309392265193,False
Non Residential,Post 1999,18-19m,148,4.824324324324325,False
Non Residential,Post 1999,19-20m,130,4.923076923076923,False
Non Residential,Post 1999,20-22m,242,5.0,False
Non Residential,Post 1999,22-24m,108,5.842592592592593,False
Non Residential,Post 1999,24-26m,123,6.008130081300813,False
Non Residential,Post 1999,26-28m,107,6.607476635514018,False
Non Residential,Post 1999,28-30m,56,7.357142857142857,False
Non Residential,Post 1999,30-35m,94,8.0,False
Non Residential,Post 1999,35-40m,56,8.803571428571429,False
Non Residential,Post 1999,40-45m,38,10.552631578947368,False
Non Residential,Post 1999,45-50m,141,11.424837712862923,True
Non Residential,Post 1999,50-55m,64,12.96062477622628,True
Non Residential,Post 1999,55-60m,50,14.964930555555556,True
Non Residential,Post 1999,60-70m,55,17.535149572649573,True
Non Residential,Post 1999,70-80m,41,18.4265873015873,True
Non Residential,Post 1999,80-90m,29,23.495555555555555,True
Non Residential,Post 1999,90-100m,17,28.95,True
Non Residential,Post 1999,100-200m,18,35.84722222222222,True
Non Residential,"Post 1999,Pre 1919",9-10m,66566,2.0479571239015475,True
Non Residential,"Post 1999,Unknown date",3-4m,40862,1.0,True
Non Residential,"Post 1999,Unknown date",4-5m,29680,1.0,True
Non Residential,"Post 1999,Unknown date",5-6m,28511,1.1324985380119432,True
Non Residential,"Post 1999,Unknown date",8-9m,56682,2.031451720758736,True
Non Residential,"Post 1999,Unknown date",9-10m,66566,2.0479571239015475,True
Non Residential,"Post 1999,Unknown date",10-11m,34946,2.068040073370806,True
Non Residential,Pre 1919,2-3m,71,1.0,False
Non Residential,Pre 1919,3-4m,1221,1.0,False
Non Residential,Pre 1919,4-5m,1322,1.0,False
Non Residential,Pre 1919,5-6m,1664,1.4939903846153846,False
Non Residential,Pre 1919,6-7m,1431,2.0,False
Non Residential,Pre 1919,7-8m,2923,2.0386589120766336,False
Non Residential,Pre 1919,8-9m,7277,2.0608767349182355,False
Non Residential,Pre 1919,9-10m,8555,2.1248392752776155,False
Non Residential,Pre 1919,10-11m,4279,2.2220144893666745,False
Non Residential,Pre 1919,11-12m,1555,2.89967845659164,False
Non Residential,Pre 1919,12-13m,1577,3.1794546607482563,False
Non Residential,Pre 1919,13-14m,1591,3.2551854179761155,False
Non Residential,Pre 1919,14-15m,1544,3.276554404145078,False
Non Residential,Pre 1919,15-16m,1076,3.341078066914498,False
Non Residential,Pre 1919,16-17m,923,3.563380281690141,False
Non Residential,Pre 1919,17-18m,389,4.305912596401028,False
Non Residential,Pre 1919,18-19m,348,4.385057471264368,False
Non Residential,Pre 1919,19-20m,274,4.401459854014599,False
Non Residential,Pre 1919,20-22m,659,4.4522003034901365,False
Non Residential,Pre 1919,22-24m,251,5.386454183266932,False
Non Residential,Pre 1919,24-26m,268,5.373134328358209,False
Non Residential,Pre 1919,26-28m,329,5.434650455927052,False
Non Residential,Pre 1919,28-30m,115,6.7043478260869565,False
Non Residential,Pre 1919,30-35m,110,6.8090909090909095,False
Non Residential,Pre 1919,35-40m,53,8.132075471698114,False
Non Residential,Pre 1919,40-45m,230,10.276417539575435,True
Non Residential,Pre 1919,50-55m,64,12.96062477622628,True
Non Residential,Pre 1919,55-60m,50,14.964930555555556,True
Non Residential,Pre 1919,60-70m,55,17.535149572649573,True
Non Residential,Pre 1919,70-80m,41,18.4265873015873,True
Non Residential,"Pre 1919,Unknown date",3-4m,40862,1.0,True
Non Residential,"Pre 1919,Unknown date",4-5m,29680,1.0,True
Non Residential,"Pre 1919,Unknown date",6-7m,15277,2.0,True
Non Residential,"Pre 1919,Unknown date",8-9m,56682,2.031451720758736,True
Non Residential,"Pre 1919,Unknown date",9-10m,66566,2.0479571239015475,True
Non Residential,"Pre 1919,Unknown date",10-11m,34946,2.068040073370806,True
Non Residential,Unknown date,2-3m,5524,1.0,False
Non Residential,Unknown date,3-4m,14181,1.0,False
Non Residential,Unknown date,4-5m,2727,1.0,False
Non Residential,Unknown date,5-6m,4153,1.8059234288466168,False
Non Residential,Unknown date,6-7m,3001,2.0,False
Non Residential,Unknown date,7-8m,4142,2.007967165620473,False
Non Residential,Unknown date,8-9m,8664,2.016389658356417,False
Non Residential,Unknown date,9-10m,10987,2.0131063984709203,False
Non Residential,Unknown date,10-11m,6877,2.12636323978479,False
Non Residential,Unknown date,11-12m,1285,2.7828793774319065,False
Non Residential,Unknown date,12-13m,941,3.8501594048884167,False
Non Residential,Unknown date,13-14m,645,4.5813953488372094,False
Non Residential,Unknown date,14-15m,516,4.614341085271318,False
Non Residential,Unknown date,15-16m,361,5.07202216066482,False
Non Residential,Unknown date,16-17m,302,5.380794701986755,False
Non Residential,Unknown date,17-18m,300,5.583333333333333,False
Non Residential,Unknown date,18-19m,172,6.0,False
Non Residential,Unknown date,19-20m,205,6.634146341463414,False
Non Residential,Unknown date,20-22m,198,6.414141414141414,False
Non Residential,Unknown date,22-24m,108,7.064814814814815,False
Non Residential,Unknown date,24-26m,44,7.863636363636363,False
Non Residential,Unknown date,26-28m,73,8.0,False
Non Residential,Unknown date,28-30m,33,7.909090909090909,False
Non Residential,Unknown date,30-35m,80,9.2625,False
Non Residential,Unknown date,35-40m,42,10.357142857142858,False
Non Residential,Unknown date,40-45m,26,12.346153846153848,False
Non Residential,Unknown date,45-50m,141,11.424837712862923,True
Non Residential,Unknown date,50-55m,64,12.96062477622628,True
Non Residential,Unknown date,55-60m,50,14.964930555555556,True
Non Residential,Unknown date,60-70m,55,17.535149572649573,True
Non Residential,Unknown date,70-80m,41,18.4265873015873,True
Non Residential,Unknown date,80-90m,29,23.495555555555555,True
Non Residential,Unknown date,90-100m,17,28.95,True
Non Residential,Unknown date,100-200m,18,35.84722222222222,True
Residential,1919-1944,2-3m,74,1.0,True
Residential,1919-1944,3-4m,1168,1.0,False
Residential,1919-1944,4-5m,3089,1.0,False
Residential,1919-1944,5-6m,93129,1.942563540894888,False
Residential,1919-1944,6-7m,154905,2.0,False
Residential,1919-1944,7-8m,541583,2.005938147984704,False
Residential,1919-1944,8-9m,1695965,2.0096617559914267,False
Residential,1919-1944,9-10m,950997,2.017737174775525,False
Residential,1919-1944,10-11m,273243,2.036454730770779,False
Residential,1919-1944,11-12m,18254,2.4310835981154817,False
Residential,1919-1944,12-13m,3702,3.6677471636953,False
Residential,1919-1944,13-14m,2141,3.869219990658571,False
Residential,1919-1944,14-15m,1248,3.96474358974359,False
Residential,1919-1944,15-16m,881,4.102156640181612,False
Residential,1919-1944,16-17m,684,4.283625730994152,False
Residential,1919-1944,17-18m,457,4.743982494529541,False
Residential,1919-1944,18-19m,418,5.244019138755981,False
Residential,1919-1944,19-20m,377,5.084880636604774,False
Residential,1919-1944,20-22m,453,5.328918322295806,False
Residential,1919-1944,22-24m,119,5.714285714285714,False
Residential,1919-1944,24-26m,42,6.523809523809524,False
Residential,1919-1944,26-28m,44,7.977272727272728,False
Residential,1919-1944,28-30m,762,8.551401335843805,True
Residential,1919-1944,30-35m,31,8.96774193548387,False
Residential,1919-1944,35-40m,649,11.978371757874141,True
Residential,1919-1944,70-80m,57,25.24403866809882,True
Residential,1919-1944,80-90m,14,28.972222222222225,True
Residential,1945-1959,2-3m,74,1.0,True
Residential,1945-1959,3-4m,1275,1.0,False
Residential,1945-1959,4-5m,11968,1.0,False
Residential,1945-1959,5-6m,155150,1.8774476313245247,False
Residential,1945-1959,6-7m,201030,2.0,False
Residential,1945-1959,7-8m,539286,2.0141019792837196,False
Residential,1945-1959,8-9m,1682043,2.021033945029943,False
Residential,1945-1959,9-10m,575032,2.0406812142628583,False
Residential,1945-1959,10-11m,78498,2.264286988203521,False
Residential,1945-1959,11-12m,12055,3.281874740771464,False
Residential,1945-1959,12-13m,6580,3.8310030395136776,False
Residential,1945-1959,13-14m,4038,3.864784546805349,False
Residential,1945-1959,14-15m,2256,3.9095744680851063,False
Residential,1945-1959,15-16m,1182,4.010998307952622,False
Residential,1945-1959,16-17m,870,4.258620689655173,False
Residential,1945-1959,17-18m,549,4.774134790528233,False
Residential,1945-1959,18-19m,506,5.148221343873518,False
Residential,1945-1959,19-20m,312,5.259615384615385,False
Residential,1945-1959,20-22m,386,5.367875647668394,False
Residential,1945-1959,22-24m,180,5.966666666666667,False
Residential,1945-1959,24-26m,96,7.614583333333333,False
Residential,1945-1959,26-28m,109,8.146788990825687,False
Residential,1945-1959,28-30m,57,8.736842105263158,False
Residential,1945-1959,30-35m,93,11.064516129032258,False
Residential,1945-1959,35-40m,57,12.87719298245614,False
Residential,1945-1959,40-45m,380,13.891021181677466,True
Residential,1945-1959,45-50m,26,15.5,False
Residential,1945-1959,50-55m,167,17.767292784734646,True
Residential,1945-1959,55-60m,119,19.169250645994833,True
Residential,1945-1959,60-70m,174,21.87463768115942,True
Residential,1945-1959,90-100m,9,30.7,True
Residential,1945-1959,100-200m,30,43.81388888888889,True
Residential,1960-1979,2-3m,74,1.0,True
Residential,1960-1979,3-4m,1437,1.0,False
Residential,1960-1979,4-5m,18993,1.0,False
Residential,1960-1979,5-6m,219837,1.868479828236375,False
Residential,1960-1979,6-7m,361017,2.0,False
Residential,1960-1979,7-8m,590493,2.018523504935706,False
Residential,1960-1979,8-9m,1828092,2.0293759832656124,False
Residential,1960-1979,9-10m,650469,2.0829355434309704,False
Residential,1960-1979,10-11m,89123,2.519989228369781,False
Residential,1960-1979,11-12m,20747,3.3140695040246784,False
Residential,1960-1979,12-13m,11585,3.696676737160121,False
Residential,1960-1979,13-14m,8471,3.8003777594144728,False
Residential,1960-1979,14-15m,5028,3.886833731105808,False
Residential,1960-1979,15-16m,3400,3.9714705882352943,False
Residential,1960-1979,16-17m,2266,4.229037952338923,False
Residential,1960-1979,17-18m,1201,4.6944213155703585,False
Residential,1960-1979,18-19m,1065,4.915492957746479,False
Residential,1960-1979,19-20m,668,4.913173652694611,False
Residential,1960-1979,20-22m,959,5.1710114702815435,False
Residential,1960-1979,22-24m,495,6.313131313131313,False
Residential,1960-1979,24-26m,337,7.421364985163205,False
Residential,1960-1979,26-28m,212,8.117924528301886,False
Residential,1960-1979,28-30m,172,8.930232558139535,False
Residential,1960-1979,30-35m,631,10.38351822503962,False
Residential,1960-1979,35-40m,445,12.429213483146068,False
Residential,1960-1979,40-45m,290,14.258620689655173,False
Residential,1960-1979,45-50m,288,15.46875,False
Residential,1960-1979,50-55m,129,17.4031007751938,False
Residential,1960-1979,55-60m,86,19.348837209302324,False
Residential,1960-1979,60-70m,138,22.405797101449274,False
Residential,1960-1979,70-80m,38,24.23684210526316,False
Residential,1960-1979,80-90m,14,28.972222222222225,True
Residential,1960-1979,90-100m,9,30.7,True
Residential,1960-1979,100-200m,30,43.81388888888889,True
Residential,1980-1989,3-4m,453,1.0,False
Residential,1980-1989,4-5m,5430,1.0,False
Residential,1980-1989,5-6m,51366,1.894346454853405,False
Residential,1980-1989,6-7m,84898,2.0,False
Residential,1980-1989,7-8m,200875,2.0231039203484755,False
Residential,1980-1989,8-9m,557286,2.0349515329651204,False
Residential,1980-1989,9-10m,212326,2.092127200625453,False
Residential,1980-1989,10-11m,35996,2.535392821424603,False
Residential,1980-1989,11-12m,12496,3.440540973111396,False
Residential,1980-1989,12-13m,6758,3.728913879846108,False
Residential,1980-1989,13-14m,4691,3.802387550628864,False
Residential,1980-1989,14-15m,3517,3.8694910435029857,False
Residential,1980-1989,15-16m,1972,3.9340770791075057,False
Residential,1980-1989,16-17m,1423,4.097680955727337,False
Residential,1980-1989,17-18m,859,4.459837019790454,False
Residential,1980-1989,18-19m,566,4.6325088339222615,False
Residential,1980-1989,19-20m,436,4.745412844036697,False
Residential,1980-1989,20-22m,507,4.769230769230769,False
Residential,1980-1989,22-24m,154,6.136363636363637,False
Residential,1980-1989,24-26m,123,6.5528455284552845,False
Residential,1980-1989,26-28m,95,7.242105263157895,False
Residential,1980-1989,28-30m,97,8.1340206185567,False
Residential,1980-1989,30-35m,103,9.611650485436892,False
Residential,1980-1989,35-40m,42,11.738095238095235,False
Residential,1980-1989,40-45m,31,14.419354838709678,False
Residential,1980-1989,45-50m,359,15.68110347985348,True
Residential,1980-1989,50-55m,167,17.767292784734646,True
Residential,1980-1989,55-60m,119,19.169250645994833,True
Residential,1980-1989,60-70m,174,21.87463768115942,True
Residential,1980-1989,70-80m,57,25.24403866809882,True
Residential,1980-1989,80-90m,14,28.972222222222225,True
Residential,1980-1989,90-100m,9,30.7,True
Residential,1980-1989,100-200m,30,43.81388888888889,True
Residential,1990-1999,2-3m,74,1.0,True
Residential,1990-1999,3-4m,380,1.0,False
Residential,1990-1999,4-5m,3188,1.0,False
Residential,1990-1999,5-6m,36767,1.8801642777490684,False
Residential,1990-1999,6-7m,60559,2.0,False
Residential,1990-1999,7-8m,220809,2.012078312025325,False
Residential,1990-1999,8-9m,588649,2.0165616521900147,False
Residential,1990-1999,9-10m,215311,2.041865023152556,False
Residential,1990-1999,10-11m,27022,2.3665161720079935,False
Residential,1990-1999,11-12m,7723,3.233070050498511,False
Residential,1990-1999,12-13m,3490,3.6134670487106018,False
Residential,1990-1999,13-14m,2252,3.7926287744227354,False
Residential,1990-1999,14-15m,1670,3.8736526946107785,False
Residential,1990-1999,15-16m,925,3.943783783783784,False
Residential,1990-1999,16-17m,906,4.301324503311259,False
Residential,1990-1999,17-18m,406,4.426108374384237,False
Residential,1990-1999,18-19m,244,4.594262295081967,False
Residential,1990-1999,19-20m,201,4.681592039800995,False
Residential,1990-1999,20-22m,216,4.833333333333333,False
Residential,1990-1999,22-24m,95,6.063157894736842,False
Residential,1990-1999,24-26m,53,6.735849056603773,False
Residential,1990-1999,26-28m,61,6.918032786885246,False
Residential,1990-1999,28-30m,28,7.964285714285714,False
Residential,1990-1999,30-35m,47,10.48936170212766,False
Residential,1990-1999,35-40m,31,12.419354838709678,False
Residential,1990-1999,40-45m,380,13.891021181677466,True
Residential,1990-1999,45-50m,359,15.68110347985348,True
Residential,1990-1999,50-55m,167,17.767292784734646,True
Residential,1990-1999,55-60m,119,19.169250645994833,True
Residential,1990-1999,60-70m,174,21.87463768115942,True
Residential,1990-1999,70-80m,57,25.24403866809882,True
Residential,1990-1999,100-200m,30,43.81388888888889,True
Residential,Post 1999,2-3m,74,1.0,True
Residential,Post 1999,3-4m,1899,1.0,False
Residential,Post 1999,4-5m,2424,1.0,False
Residential,Post 1999,5-6m,29243,1.8869131074103205,False
Residential,Post 1999,6-7m,42165,2.0,False
Residential,Post 1999,7-8m,219886,2.0203150723556753,False
Residential,Post 1999,8-9m,791932,2.022413540556512,False
Residential,Post 1999,9-10m,359071,2.044448033954287,False
Residential,Post 1999,10-11m,78549,2.4236718481457435,False
Residential,Post 1999,11-12m,33663,3.088286843121528,False
Residential,Post 1999,12-13m,9349,3.484650764787678,False
Residential,Post 1999,13-14m,5325,3.741971830985915,False
Residential,Post 1999,14-15m,3354,3.891174716756112,False
Residential,Post 1999,15-16m,2060,4.033495145631068,False
Residential,Post 1999,16-17m,2667,4.633295838020247,False
Residential,Post 1999,17-18m,816,4.6004901960784315,False
Residential,Post 1999,18-19m,612,5.07516339869281,False
Residential,Post 1999,19-20m,429,5.055944055944056,False
Residential,Post 1999,20-22m,488,5.385245901639344,False
Residential,Post 1999,22-24m,263,6.034220532319392,False
Residential,Post 1999,24-26m,192,6.651041666666667,False
Residential,Post 1999,26-28m,149,7.214765100671141,False
Residential,Post 1999,28-30m,86,7.9186046511627906,False
Residential,Post 1999,30-35m,137,9.83941605839416,False
Residential,Post 1999,35-40m,59,12.084745762711863,False
Residential,Post 1999,40-45m,31,14.193548387096774,False
Residential,Post 1999,45-50m,359,15.68110347985348,True
Residential,Post 1999,50-55m,167,17.767292784734646,True
Residential,Post 1999,55-60m,119,19.169250645994833,True
Residential,Post 1999,60-70m,174,21.87463768115942,True
Residential,Post 1999,70-80m,57,25.24403866809882,True
Residential,Post 1999,80-90m,14,28.972222222222225,True
Residential,Post 1999,90-100m,9,30.7,True
Residential,Post 1999,100-200m,30,43.81388888888889,True
Residential,Pre 1919,2-3m,74,1.0,True
Residential,Pre 1919,3-4m,1868,1.0,False
Residential,Pre 1919,4-5m,1636,1.0,False
Residential,Pre 1919,5-6m,56188,1.958514273510358,False
Residential,Pre 1919,6-7m,95420,2.0,False
Residential,Pre 1919,7-8m,285277,2.0133414190418435,False
Residential,Pre 1919,8-9m,1117354,2.015642312105206,False
Residential,Pre 1919,9-10m,1344095,2.0244819004609047,False
Residential,Pre 1919,10-11m,442637,2.0964040511751163,False
Residential,Pre 1919,11-12m,67146,2.701069311649242,False
Residential,Pre 1919,12-13m,29811,3.2581597396934017,False
Residential,Pre 1919,13-14m,25561,3.496811548843942,False
Residential,Pre 1919,14-15m,21779,3.5963542862390376,False
Residential,Pre 1919,15-16m,19264,3.731935215946844,False
Residential,Pre 1919,16-17m,14783,3.976053575052425,False
Residential,Pre 1919,17-18m,8938,4.418885656746475,False
Residential,Pre 1919,18-19m,7492,4.546316070475173,False
Residential,Pre 1919,19-20m,5508,4.642701525054466,False
Residential,Pre 1919,20-22m,7141,4.928021285534239,False
Residential,Pre 1919,22-24m,2152,5.603624535315985,False
Residential,Pre 1919,24-26m,1181,5.757832345469941,False
Residential,Pre 1919,26-28m,640,5.74375,False
Residential,Pre 1919,28-30m,301,6.358803986710964,False
Residential,Pre 1919,30-35m,269,6.858736059479554,False
Residential,Pre 1919,35-40m,649,11.978371757874141,True
Residential,Pre 1919,40-45m,380,13.891021181677466,True
Residential,Pre 1919,45-50m,359,15.68110347985348,True
Residential,Pre 1919,50-55m,167,17.767292784734646,True
Residential,Pre 1919,60-70m,174,21.87463768115942,True
Residential,Pre 1919,70-80m,57,25.24403866809882,True
Residential,Pre 1919,80-90m,14,28.972222222222225,True
Residential,Unknown date,2-3m,53,1.0,False
Residential,Unknown date,3-4m,3740171,1.0,False
Residential,Unknown date,4-5m,3387,1.0,False
Residential,Unknown date,5-6m,28844,1.9468867008736652,False
Residential,Unknown date,6-7m,19394,2.0,False
Residential,Unknown date,7-8m,43263,2.0114185331576637,False
Residential,Unknown date,8-9m,282428,2.0128705369156035,False
Residential,Unknown date,9-10m,189443,2.013803624309159,False
Residential,Unknown date,10-11m,6410,2.12386895475819,False
Residential,Unknown date,11-12m,998,2.7905811623246493,False
Residential,Unknown date,12-13m,614,3.749185667752443,False
Residential,Unknown date,13-14m,388,4.27319587628866,False
Residential,Unknown date,14-15m,267,4.318352059925093,False
Residential,Unknown date,15-16m,210,4.414285714285715,False
Residential,Unknown date,16-17m,148,4.77027027027027,False
Residential,Unknown date,17-18m,86,5.267441860465116,False
Residential,Unknown date,18-19m,76,5.868421052631579,False
Residential,Unknown date,19-20m,39,5.743589743589744,False
Residential,Unknown date,20-22m,31,5.903225806451613,False
Residential,Unknown date,22-24m,3478,6.078931286602444,True
Residential,Unknown date,24-26m,2034,6.919665804937716,True
Residential,Unknown date,26-28m,1321,7.510989015548414,True
Residential,Unknown date,28-30m,762,8.551401335843805,True
Residential,Unknown date,30-35m,1313,9.589367574374252,True
Residential,Unknown date,45-50m,359,15.68110347985348,True
Residential,Unknown date,50-55m,167,17.767292784734646,True
Residential,Unknown date,55-60m,119,19.169250645994833,True
Residential,Unknown date,60-70m,174,21.87463768115942,True
Residential,Unknown date,70-80m,57,25.24403866809882,True
Residential,Unknown date,80-90m,14,28.972222222222225,True
Residential,Unknown date,100-200m,30,43.81388888888889,True
